{"images/Getstarted.png":["images/Getstarted.png"],"images/back.png":["images/back.png"],"images/back.svg":["images/back.svg"],"images/galback.png":["images/galback.png"],"images/gallery.svg":["images/gallery.svg"],"images/gallerybackground.png":["images/gallerybackground.png"],"images/gallerybackground.svg":["images/gallerybackground.svg"],"images/getstart.png":["images/getstart.png"],"images/home.svg":["images/home.svg"],"images/ic_bell_red.svg":["images/ic_bell_red.svg"],"images/intro.png":["images/intro.png"],"images/jynxcirclelogo.svg":["images/jynxcirclelogo.svg"],"images/jynxlogo.svg":["images/jynxlogo.svg"],"images/logo.svg":["images/logo.svg"],"images/onboardimage.png":["images/onboardimage.png"],"images/profile.png":["images/profile.png"],"images/profile.svg":["images/profile.svg"],"images/question.png":["images/question.png"],"images/question.svg":["images/question.svg"],"images/ratings.svg":["images/ratings.svg"],"images/star.svg":["images/star.svg"],"packages/awesome_dialog/assets/flare/error.flr":["packages/awesome_dialog/assets/flare/error.flr"],"packages/awesome_dialog/assets/flare/info.flr":["packages/awesome_dialog/assets/flare/info.flr"],"packages/awesome_dialog/assets/flare/info2.flr":["packages/awesome_dialog/assets/flare/info2.flr"],"packages/awesome_dialog/assets/flare/info_without_loop.flr":["packages/awesome_dialog/assets/flare/info_without_loop.flr"],"packages/awesome_dialog/assets/flare/question.flr":["packages/awesome_dialog/assets/flare/question.flr"],"packages/awesome_dialog/assets/flare/succes.flr":["packages/awesome_dialog/assets/flare/succes.flr"],"packages/awesome_dialog/assets/flare/succes_without_loop.flr":["packages/awesome_dialog/assets/flare/succes_without_loop.flr"],"packages/awesome_dialog/assets/flare/warning.flr":["packages/awesome_dialog/assets/flare/warning.flr"],"packages/awesome_dialog/assets/flare/warning_without_loop.flr":["packages/awesome_dialog/assets/flare/warning_without_loop.flr"],"packages/cupertino_icons/assets/CupertinoIcons.ttf":["packages/cupertino_icons/assets/CupertinoIcons.ttf"]}